#Potato Pods
##Potato Pod
Any|common|images/PotatoPods/any-potato.webp
Junior|common|images/PotatoPods/junior.webp
Mo|common|images/PotatoPods/mo.webp
Whirly|common|images/PotatoPods/whirly.webp
Shaggy|common|images/PotatoPods/shaggy.webp
Prickly|common|images/PotatoPods/prickly.webp

#Potato Pods
##Rocker Pod
Any|common|images/PotatoPods/any-rocker.webp
Axel|common|images/PotatoPods/axel.webp
Gene|common|images/PotatoPods/gene.webp
Hendrix|common|images/PotatoPods/hendrix.webp
Jovi|common|images/PotatoPods/jovi.webp
Leif|common|images/PotatoPods/leif.webp
Momo|common|images/PotatoPods/momo.webp
Gerard|common|images/PotatoPods/gerard.webp

#Potato Pods
##Pretty Pod
Any|common|images/PotatoPods/any-pretty.webp
Cosmo|common|images/PotatoPods/cosmo.webp
Dorian|common|images/PotatoPods/dorian.webp
Dandy|common|images/PotatoPods/dandy.webp
Priscilla|common|images/PotatoPods/priscilla.webp

#Potato Pods
##Mer Pod
Any|common|images/PotatoPods/any-mer.webp
Kelpie|common|images/PotatoPods/kelpie.webp
Ariel|common|images/PotatoPods/ariel.webp
Nori|common|images/PotatoPods/nori.webp
Jelly|common|images/PotatoPods/jelly.webp

#Potato Pods
##Bonsai Pod
Any|common|images/PotatoPods/any-bonsai.webp
Ardbert|common|images/PotatoPods/ardbert.webp
Ashe|common|images/PotatoPods/ashe.webp
Autumn|common|images/PotatoPods/autumn.webp
Myrtle|common|images/PotatoPods/myrtle.webp

#Potato Pods
##Mush Pod
Any|common|images/PotatoPods/any-mush.webp
Hopper|common|images/PotatoPods/hopper.webp
Sunny|common|images/PotatoPods/sunny.webp
Bluebell|common|images/PotatoPods/bluebell.webp
Port|common|images/PotatoPods/port.webp

#Hunting
##Sernuk
Regular|common|images/Hunting/sernuk-regular.webp
Proudhorned|epic|images/Hunting/sernuk-proud.webp
Elder|epic|images/Hunting/sernuk-elder.webp

#Hunting
##Chapaa
Regular|common|images/Hunting/chapaa-regular.webp
Striped|epic|images/Hunting/chapaa-striped.webp
Azure|epic|images/Hunting/chapaa-azure.webp

#Hunting
##Muujin
Regular|common|images/Hunting/muujin-regular.webp
Banded|epic|images/Hunting/muujin-banded.webp
Bluebristle|epic|images/Hunting/muujin-bluebristle.webp

#Hunting
##Ogopuu
Regular|epic|images/Hunting/ogopuu-regular.webp
Emerald|epic|images/Hunting/ogopuu-emerald.webp
Waveback|epic|images/Hunting/ogopuu-waveback.webp

#Hunting
##Shmole
Regular|epic|images/Hunting/shmole-regular.webp
Elder|epic|images/Hunting/shmole-elder.webp
Piksii|epic|images/Hunting/shmole-piksii.webp

#Hunting
##Rockhoppers
Grumpy Granite||images/Hunting/rockhopper-grumpy-granite.webp
Flame-Horned||images/Hunting/rockhopper-flame-horned.webp
Will-o-Wisp||images/Hunting/rockhopper-will-o-wisp.webp

#Other
##Buyable In-Game
Plushie Pool||images/Other/plushie-pool.webp

#Fishing
##
Kilima Catfish|epic|images/Hunting/kilima-catfish.webp
Mudminnow|epic|images/Hunting/mudminnow.webp
Red Koi|epic|images/Hunting/red-koi.webp
Yellow Koi|epic|images/Hunting/yellow-koi.webp
Prismfish||images/Hunting/prismfish.webp
River Shark||images/Hunting/river-shark.webp
River Shark Fin||images/Hunting/river-shark-fin.webp
Elder Shark||images/Hunting/elder-shark.webp
Elder Shark Fin||images/Hunting/elder-shark-fin.webp

#Bug Catching
##
Lunar Fairy Moth||images/Hunting/bug-fairy-moth.webp
Garden Ladybug Plush||images/Hunting/bug-garden-ladybug.webp
Proudhorned Beetle Plush||images/Hunting/bug-proudhorned-beetle.webp
Lantern Bug Plush||images/Hunting/bug-lantern.webp
Garden Snail Plush||images/Hunting/garden-snail-plush.webp
Rainbow Tipped Butterfly Plush||images/Hunting/rainbow-tipped-butterfly.webp

#Twitch / Login Rewards
##Flutter Fox
Leafy|rare|images/Twitch-Login/flutterfox-leafy.webp
Spring|rare|images/Twitch-Login/flutterfox-spring.webp
Winter|rare|images/Twitch-Login/flutterfox-winter.webp
Summer|rare|images/Twitch-Login/flutterfox-summer.webp
Fall|rare|images/Twitch-Login/flutterfox-fall.webp

#Twitch / Login Rewards
##
Sandi The Palcat||images/Twitch-Login/palcat-sandi.webp
Nox The Palcat||images/Twitch-Login/palcat-nox.webp
Big Frogbert||images/Twitch-Login/frogbert-big.webp
Bigger Frogbert||images/Twitch-Login/frogbert-bigger.webp
Giant Frogbert||images/Twitch-Login/frogbert-giant.webp
Giga Frogbert||images/Twitch-Login/frogbert-giga.webp
Nibbles The Drake||images/Twitch-Login/drake-nibbles.webp
Giant Honeybunch Plush||images/Zeki/lucky-honeybunch.webp

#Twitch / Login Rewards
##Stackable Pillow
Palcat||images/Twitch-Login/stackable-palcat.webp
Muujin||images/Twitch-Login/stackable-muujin.webp
Chapaa||images/Twitch-Login/stackable-chapaa.webp

#Referral Rewards
##
Finding Friends Chapaa||images/Referral/referral-finding-friends-chapaa.webp
Elderwood Fun Guy||images/Referral/elderwood-fun-guy.webp
Big Elderwood Fun Guy||images/Referral/elderwood-fun-guy-big.webp
Bigger Elderwood Fun Guy||images/Referral/elderwood-fun-guy-bigger.webp
Giant Elderwood Fun Guy||images/Referral/elderwood-fun-guy-giant.webp
Giga Elderwood Fun Guy||images/Referral/elderwood-fun-guy-giga.webp

#Collabs
##
Madrinas Maji Plush||images/Collabs/madrinas-dragonfruit.webp

#Prize Wheel
##
Giant Chapaa|rare|images/Zeki/wheel-giant-chapaa.webp
Giant Maji|rare|images/Zeki/wheel-giant-maji.webp
Giant Ancient Fish|rare|images/Zeki/wheel-giant-fish.webp
Worn Mouse|common|images/Zeki/wheel-worn-mouse.webp

#Lucky Balls
##
Me n' My Honeybunch Plush|rare|images/Zeki/lucky-honeybunch.webp
Fun Guy Plushie|rare|images/Zeki/lucky-fun-guy.webp
Green Cylinder|rare|images/Zeki/lucky-green-cylinder.webp
Ancient Kitsuu Plush||images/Zeki/lucky-ancient-kitsuu.webp
Ancient Fish Plush||images/Zeki/lucky-ancient-fish.webp
Ancient Silverwing Plush||images/Zeki/lucky-ancient-silverwing.webp
The Order Sernuk Plush||images/Zeki/lucky-order-sernuk.webp
Ranch House Butterball|rare|images/Zeki/lucky-ranch-butterball.webp
Ranch House Cottonbean|rare|images/Zeki/lucky-ranch-cottonbean.webp
Frogbert Plush||images/Zeki/lucky-frogbert.webp
Chatty||images/Zeki/lucky-chatty.webp
Pink Maji Dragon||images/Collabs/madrinas-dragonfruit.webp

#Quest Rewards
##
Tau Plushie|rare|images/QuestRewards/tau-plushie.webp
Ranch House Cherrytail|rare|images/QuestRewards/ranch-house-cherrytail.webp

#New Year Market
##
Year of the Naga Plush||images/Market/year-of-the-naga.webp

#Maji Market
##Chaapa Hut
Fun Guy Plush|rare|images/Market/chapaahut-fun-guy.webp
Embra Plush|common|images/Market/chapaahut-embra.webp
Maji Plush|common|images/Market/chapaahut-maji.webp
Mini Maji Plush|common|images/Market/chapaahut-mini-maji.webp
Inki Plush|common|images/Market/chapaahat-inki.webp
Naanshi Plush|common|images/Market/chapaahat-naanshi.webp
Nergaal Plush|common|images/Market/chapaahat-nergaal.webp
Enkii Plush|common|images/Market/chapaahat-enkii.webp
Neena Plush|common|images/Market/chapaahat-neena.webp
Chapaa Hut Pillow|common|images/Market/pillow-chapaahut.webp
Inki Pillow|common|images/Market/pillow-inki.webp
Naanshi Pillow|common|images/Market/pillow-naanshi.webp
Nergaal Pillow|common|images/Market/pillow-nergaal.webp
Enkii Pillow|common|images/Market/pillow-enkii.webp
Neena Pillow|common|images/Market/pillow-neena.webp
Rainbow Maji||images/Market/rainbow-maji-plush.webp

#Maji Market
##Claw Machine
Any|common|images/Market/clawmachine.webp
Li'l Carrot|common|images/Market/clawmachine-carrot.webp
Li'l Beetle|common|images/Market/clawmachine-beetle.webp
Li'l Snail|common|images/Market/clawmachine-snail.webp
Li'l Froggy|common|images/Market/clawmachine-froggy.webp
Li'l Sernuk|common|images/Market/clawmachine-sernuk.webp
Li'l Turnip|common|images/Market/clawmachine-turnip.webp
Slumber Fox|common|images/Market/clawmachine-cutesy-kitty.webp
Trufflet|common|images/Market/clawmachine-trufflet.webp
Cutesy Kitty|common|images/Market/clawmachine-slumber-fox.webp


#Stickers
##Series 1
Carefully Cultivated|Common|images/Stickers/1/carefullycultivated.webp
Cat's Meow|Uncommon|images/Stickers/1/catsmeow.webp
Choices, Choices|Rare|images/Stickers/1/choiceschoices.webp
Does Not Compute|Uncommon|images/Stickers/1/doesnotcompute.webp
Eyyy!|Uncommon|images/Stickers/1/eyyy.webp
Fired Up!|Common|images/Stickers/1/firedup.webp
Found It!|Common|images/Stickers/1/foundit.webp
Genius!|Common|images/Stickers/1/genius.webp
Gone Fishing!|Common|images/Stickers/1/gonefishing.webp
Gotta Run!|Common|images/Stickers/1/gottarun.webp
Great Job!|Common|images/Stickers/1/greatjob.webp
Groovin' Out|Uncommon|images/Stickers/1/groovinout.webp
Heartbroken|Uncommon|images/Stickers/1/heartbroken.webp
Here's To Me!|Uncommon|images/Stickers/1/herestome.webp
Hmm...|Common|images/Stickers/1/hmm.webp
How Delightful!|Common|images/Stickers/1/howdelightful.webp
Howdy, Partner!|Common|images/Stickers/1/howdypartner.webp
Hush|Uncommon|images/Stickers/1/hush.webp
I've Got It!|Common|images/Stickers/1/ivegotit.webp
It Me|Uncommon|images/Stickers/1/itme.webp
Just A Pinch|Rare|images/Stickers/1/justapinch.webp
Looking Stylish!|Uncommon|images/Stickers/1/lookingstylish.webp
Love It!|Common|images/Stickers/1/loveit.webp
Lumberjack|Common|images/Stickers/1/lumberjack.webp
Mouth-Watering|Common|images/Stickers/1/mouthwatering.webp
My Word!|Uncommon|images/Stickers/1/myword.webp
Nice Catch!|Common|images/Stickers/1/nicecatch.webp
Oh, Please...|Common|images/Stickers/1/ohplease.webp
Puppy Dog Eyes|Uncommon|images/Stickers/1/puppydogeyes.webp
Seriously?|Common|images/Stickers/1/seriously.webp
Smart Thinking|Common|images/Stickers/1/smartthinking.webp
Snap A Photo|Uncommon|images/Stickers/1/snapaphoto.webp
So Fierce!|Rare|images/Stickers/1/sofierce.webp
Squee!!|Uncommon|images/Stickers/1/squee.webp
Steady Aim|Common|images/Stickers/1/steadyaim.webp
Tears Of Joy|Common|images/Stickers/1/tearsofjoy.webp
That's Teamwork!|Common|images/Stickers/1/thatsteamwork.webp
This Is Fine|Rare|images/Stickers/1/thisisfine.webp
What A Drag|Uncommon|images/Stickers/1/whatadrag.webp
What In Tarnation|Uncommon|images/Stickers/1/whatintarnation.webp
Workin' The Mines|Common|images/Stickers/1/workinthemines.webp
Yay!|Common|images/Stickers/1/yay.webp